iso3,country,year,hdi,life_expectancy,pop_millions,hdi_f,hdi_m,life_expec_f,life_expec_m,expec_yr_school,expec_yr_school_f,expec_yr_school_m,mean_yr_school,mean_yr_school_f,mean_yr_school_m,gross_inc_percap,gross_inc_percap_f,gross_inc_percap_m,gender_development,co2_emission_tons,HDI_Category
AFG,Afghanistan,2022,0.462,62.879,41.128771,0.332443297,0.534144723,66.213,59.766,10.70538475,8.053256911,13.22844948,2.514790058,1.174129963,3.912739992,1335.205733,395.9154586,2256.217507,0.622,0.306318324,Low
ALB,Albania,2022,0.789,76.833,2.842321,0.780277105,0.798432468,79.472,74.502,14.48746967,14.68103981,14.29220009,10.12114431,9.811468219,10.43385538,15293.32651,13198.53956,17398.00369,0.977,1.717757671,High
DZA,Algeria,2022,0.745,77.129,44.903225,0.681844236,0.773800103,78.457,75.853,15.48787975,16.26417923,14.74388027,6.987443608,6.490567748,7.481537359,10978.40571,3841.656612,17858.79078,0.881,4.079540189,High
AND,Andorra,2022,0.884,83.552,0.079824,0.398112008,0.473847303,85.838,81.43,12.7837801,12.76506042,12.81062984,11.61343956,11.52258968,11.70438004,54233.44948,4001.391827,5883.311725,0.84,4.593592631,Very High
AGO,Angola,2022,0.591,61.929,35.588987,0.560890287,0.619679764,64.541,59.351,12.1676,11.5354,12.9099,5.844291601,4.462809114,7.1879602,5327.788251,4696.356687,5973.845631,0.905,0.507358992,Medium
ATG,Antigua and Barbuda,2022,0.826,79.236,0.093763,0.487621936,0.627550845,81.645,76.507,15.51232774,16.74628979,14.35053709,10.54622968,10.3442228,10.59597506,18783.96536,2707.298725,17177.32849,0.777,6.401055579,Very High
ZZE.AS,Arab States,2022,0.704,71.30941731,459.3184585,0.645935202,0.736282086,73.46401045,69.33299093,11.89554064,11.83396355,12.0008641,7.764183628,7.198566806,8.319691209,14390.85059,5467.690945,22726.35323,0.877,4.557463273,High
ARG,Argentina,2022,0.849,76.064,45.510318,0.841405452,0.845472815,79.277,72.851,18.97950935,20.91489983,17.13032913,11.14408016,11.39165974,10.85797977,22047.97131,16933.06291,27264.83091,0.995,4.190779468,Very High
ARM,Armenia,2022,0.786,73.372,2.780469,0.795110468,0.774941834,78.447,67.866,14.40561008,14.81291008,14.02233982,11.33030033,11.32151985,11.34119034,15388.29976,13442.50133,17770.4153,1.026,2.531087713,High
AUS,Australia,2022,0.946,83.579,26.1774135,0.934601518,0.955940587,85.453,81.708,21.0800209,21.98143005,20.19375992,12.72681999,12.81058979,12.63971043,49257.1352,41131.47085,57495.77158,0.978,14.91476303,Very High
AUT,Austria,2022,0.926,82.412,8.939617,0.911591936,0.937756448,84.6,80.15,16.36746025,16.83849907,15.92267036,12.30571367,12.04894857,12.57887231,56529.66329,41899.21124,71616.2043,0.972,7.399461247,Very High
AZE,Azerbaijan,2022,0.76,73.488,10.358074,0.743349756,0.773371293,76.249,70.55,12.71063042,12.67574024,12.74398041,10.55612992,10.21799194,10.91843537,15018.05443,11526.15794,18603.12947,0.961,3.717029937,High
BHS,Bahamas,2022,0.82,74.358,0.409984,0.822293357,0.816891253,77.843,70.757,11.89137971,12.16470981,11.61521687,12.73161494,12.82493607,12.65641572,32534.88784,28374.91931,37084.66455,1.007,5.14996102,Very High
BHR,Bahrain,2022,0.888,79.246,1.472233,0.847333815,0.90429854,80.497,78.242,16.29968071,17.0064106,15.73036003,11.04658985,10.78437042,11.17325974,48731.44564,22722.17852,64699.53364,0.937,26.05303892,Very High
BGD,Bangladesh,2022,0.67,73.698,171.1863725,0.63460476,0.694222638,76.012,71.514,11.94633007,12.40666962,11.50172043,7.379059792,6.755380154,8.020810127,6511.122178,3684.291333,9386.85327,0.914,0.583152966,Medium
BRB,Barbados,2022,0.809,77.706,0.281635,0.815370599,0.791955966,79.581,75.677,16.53069367,18.28634039,14.7716475,9.89206168,10.35100499,9.098828828,14810.23783,12594.97579,17213.53176,1.03,4.361308677,Very High
BLR,Belarus,2022,0.801,73.246,9.5349545,0.801134982,0.798781621,78.384,68.09,13.98153019,13.91798019,14.04238033,12.24122445,12.26702163,12.20894866,18425.01061,14502.49303,23021.57386,1.003,6.362198529,Very High
BEL,Belgium,2022,0.942,82.293,11.65593,0.928892167,0.9522897,84.367,80.16,18.94573975,19.9310894,17.99295044,12.52857789,12.50440062,12.55379975,53644.03854,43720.35057,63804.35597,0.975,8.23913942,Very High
BLZ,Belize,2022,0.7,70.962,0.4052725,0.691356814,0.704094307,74.685,67.721,12.42656994,12.80862045,12.05408001,8.847599983,9.042070389,8.652890205,9242.082259,6318.806742,12133.48464,0.982,1.755038984,High
BEN,Benin,2022,0.504,59.954,13.352864,0.461636484,0.544450366,61.676,58.265,10.30257988,9.462470055,11.12106991,3.137261725,2.059994265,4.401454468,3406.072937,2603.750395,4205.30987,0.848,0.639583531,Low
BTN,Bhutan,2022,0.681,72.229,0.782455,0.669679955,0.690410405,74.152,70.57,13.06449041,13.59799871,12.55190209,5.835794662,5.211722545,6.330068068,10624.87388,9342.861603,11766.25908,0.97,1.366198234,Medium
BOL,Bolivia (Plurinational State of),2022,0.698,64.928,12.22411,0.686215519,0.71118959,67.907,62.265,15.02243817,15.13321182,14.90989854,9.827750206,9.216730118,10.49209023,7987.842247,6726.868071,9242.926257,0.965,1.798596826,Medium
BIH,Bosnia and Herzegovina,2022,0.779,75.293,3.2335265,0.758684982,0.79727976,77.498,73.126,13.27705956,13.77554035,12.80607986,10.53631973,9.778189659,11.35262966,16571.41275,12419.85276,20853.11145,0.952,6.095489894,High
BWA,Botswana,2022,0.708,65.913,2.630296,0.706553532,0.70818007,68.399,63.328,11.42568016,11.77283955,11.08065033,10.42,10.36,10.47,14841.57836,13675.9711,16036.5159,0.998,2.370748521,High
BRA,Brazil,2022,0.76,73.425,215.313498,0.758197177,0.758060299,76.596,70.296,15.5788002,16.22303963,14.95001984,8.278307638,8.486056479,8.039534208,14615.89235,11291.52637,18061.22633,1.0,2.319857519,High
BRN,Brunei Darussalam,2022,0.823,74.551,0.4490015,0.81438208,0.828827421,76.791,72.509,13.69861984,14.17733955,13.25224972,9.22,9.23,9.23,59245.63485,44702.92641,72823.32823,0.983,25.37625765,Very High
BGR,Bulgaria,2022,0.799,71.528,6.781953,0.796689706,0.800341486,75.08,68.278,13.86802959,14.12744999,13.62205982,11.41318035,11.50780964,11.30865955,25920.80375,20700.00207,31466.04791,0.995,6.14038782,High
BFA,Burkina Faso,2022,0.438,59.766,22.673762,0.408973007,0.464030731,61.505,57.953,8.091560364,8.18846035,8.001529694,2.318685239,1.634014826,3.090802176,2036.997179,1453.770925,2624.118024,0.881,0.266000829,Low
BDI,Burundi,2022,0.42,61.977,12.8895765,0.404064715,0.436317438,63.868,60.077,9.966378953,10.19314993,9.747024594,3.305215598,2.636837474,4.066341066,712.0260007,635.6426737,789.4561469,0.926,0.063739656,Low
CPV,Cabo Verde,2022,0.661,74.722,0.5931495,0.651791582,0.664166564,79.011,70.29,11.53066323,11.77959971,11.28772218,6.09003905,5.807281856,6.329140157,7601.085433,5731.943011,9491.323885,0.981,0.950563422,Medium
KHM,Cambodia,2022,0.6,69.896,16.7678425,0.576517877,0.622698032,72.622,67.117,11.56094805,11.32613074,11.79576536,5.197100163,4.373630047,6.200459957,4291.113168,3562.784253,5034.254198,0.926,1.213483157,Medium
CMR,Cameroon,2022,0.587,60.958,27.9145365,0.555867233,0.617803051,62.556,59.392,13.38097793,12.67795079,14.08810474,6.537401781,5.633947949,7.557694411,3681.469988,3048.080792,4318.020666,0.9,0.378614686,Medium
CAN,Canada,2022,0.935,82.847,38.454327,0.92881357,0.93963864,84.797,80.868,15.96065044,16.53586006,15.41615009,13.86876597,13.96031896,13.77025173,48444.39319,39765.34331,57229.57642,0.988,14.0787192,Very High
CAF,Central African Republic,2022,0.387,54.477,5.5791435,0.344440512,0.438631626,56.829,52.258,7.285887393,6.094853701,8.441895364,3.9531639,2.656642005,5.414050624,869.11237,1221.633536,1857.024651,0.785,0.045672158,Low
TCD,Chad,2022,0.394,52.997,17.7233145,0.342368178,0.44124294,54.769,51.3,8.185526568,6.846322732,9.503698126,2.282753488,1.2932629,3.46862315,1388.897502,991.4082556,1783.317579,0.776,0.143576096,Low
CHL,Chile,2022,0.86,79.519,19.603733,0.846799773,0.86998757,81.877,77.156,16.76792908,17.08077049,16.46307945,11.11136804,11.02533818,11.21349116,24430.99593,18611.52012,30337.00368,0.973,4.567606811,Very High
CHN,China,2022,0.788,78.587,1425.887337,0.771342655,0.802193998,81.343,75.963,15.21793605,15.65643534,14.83649776,8.106910446,7.543190438,8.670630455,18024.88747,13291.58537,22566.93868,0.962,7.9502786,High
COL,Colombia,2022,0.758,73.659,51.874024,0.756184811,0.758077817,77.143,70.319,14.43749046,14.67448044,14.20670033,8.862859726,9.016329765,8.697070122,15013.92724,12251.92566,17853.98777,0.998,1.858932279,High
COM,Comoros,2022,0.586,63.68,0.8367735,0.558359817,0.61100987,66.061,61.522,13.03771042,13.37298971,12.74388235,6.209056832,5.222353096,7.306295772,3260.555466,2338.273418,4174.191881,0.914,0.50525483,Medium
COG,Congo,2022,0.593,63.053,5.970424,0.563692718,0.619818312,64.617,61.513,12.41647044,12.99831126,11.90996567,8.250552585,7.242174036,9.384527352,2902.808037,2085.221106,3722.266332,0.909,1.243341537,Medium
COD,Congo (Democratic Republic of the),2022,0.481,59.743,99.010212,0.454266064,0.509688536,62.05,57.516,9.579486913,9.550751016,9.739098794,7.206164799,5.849373167,8.817830039,1080.138308,916.9209322,1245.928128,0.891,0.041094283,Low
CRI,Costa Rica,2022,0.806,77.32,5.180829,0.803380043,0.807468458,80.036,74.762,16.09200378,16.66074974,15.55136609,8.804059982,8.892390251,8.702249527,20248.38031,16531.18692,23964.72716,0.995,1.485363576,Very High
HRV,Croatia,2022,0.878,79.236,4.0303575,0.87481658,0.88084805,82.0,76.415,15.57269955,16.48468971,14.72340965,12.32871821,12.11152878,12.57882072,34323.80663,27572.96852,41433.25206,0.993,4.288182536,Very High
CUB,Cuba,2022,0.764,78.155,11.212191,0.750389588,0.771034949,80.565,75.793,14.46930027,15.2621603,13.71632957,10.54807197,10.64826957,10.43816796,7953.448426,5571.103594,10372.96853,0.973,1.860332974,High
CYP,Cyprus,2022,0.907,81.889,1.2514885,0.89523945,0.916327617,83.673,80.068,16.24308968,16.64411926,15.84014034,12.44017029,12.41040993,12.47198009,40136.89453,31776.53303,48469.74499,0.977,5.64978926,Very High
CZE,Czechia,2022,0.895,78.129,10.493986,0.888202714,0.898692097,81.22,75.106,16.3472805,16.93660927,15.79063034,12.91605342,12.77560331,13.06446025,39944.66682,30760.8669,49403.90584,0.988,9.196792884,Very High
CIV,Côte d'Ivoire,2022,0.534,58.916,28.1605425,0.492226546,0.571796123,60.282,57.686,10.10165024,9.532830238,10.6576004,4.23697763,3.055541139,5.419369475,5376.396062,4063.05563,6664.736678,0.861,0.4268649,Low
DNK,Denmark,2022,0.952,81.882,5.8822615,0.941874137,0.959920139,83.802,79.958,18.77403069,19.37519073,18.19271088,12.96049023,13.15695,12.76414967,62018.95694,51753.40967,72387.09453,0.981,5.057582197,Very High
DJI,Djibouti,2022,0.515,62.859,1.1208485,0.466363074,0.552363049,65.503,60.336,8.028374362,8.217637318,7.969712994,3.889984156,2.853793993,5.128992214,4874.51828,2306.84942,7480.589233,0.844,0.411412528,Low
DMA,Dominica,2022,0.74,72.981,0.0727375,0.545888568,0.600693366,76.451,69.875,13.55048385,14.39806186,12.73423764,9.1863441,8.9922852,9.7163593,12467.85548,3404.070532,8504.979709,0.909,2.096613821,High
DOM,Dominican Republic,2022,0.766,74.17,11.228821,0.775189681,0.753078886,77.536,71.044,13.55698967,14.77552032,12.3408699,9.150526383,9.559819495,8.726742414,18653.26836,14773.33355,22505.86309,1.029,2.139348057,High
ZZF.EAP,East Asia and the Pacific,2022,0.766,76.21549145,2149.26182,0.749141503,0.779044405,78.98557468,73.57184522,14.48271468,14.80642091,14.17675477,8.217525389,7.752528603,8.689207034,16137.69892,11938.97241,20216.14973,0.962,6.167173533,High
ECU,Ecuador,2022,0.765,77.894,18.001,0.760348324,0.768269604,80.481,75.313,14.86483955,15.3018198,14.44118023,8.969750404,8.920129776,9.026610374,10693.23484,9147.245608,12244.69524,0.99,2.23241865,High
EGY,Egypt,2022,0.728,70.159,110.990103,0.664446666,0.752029092,72.557,67.869,12.91180992,12.79423046,13.0234499,9.84810224,10.22875714,9.570965578,12360.8163,3738.527047,20789.67605,0.884,2.259567808,High
SLV,El Salvador,2022,0.674,71.475,6.336392,0.661702566,0.680679223,75.813,66.837,11.9099355,12.23986755,11.60951185,7.150929928,6.769279957,7.624269962,8886.173528,6244.001459,11794.02332,0.972,1.185857137,Medium
GNQ,Equatorial Guinea,2022,0.65,61.19,1.674908,0.742706897,0.738533524,63.261,59.432,12.13132742,11.95497827,12.299904,8.281327014,8.1781822,8.384471829,10662.65921,12825.82176,21120.91358,1.006,3.444060629,Medium
ERI,Eritrea,2022,0.493,66.604,3.6840315,0.742706897,0.738533524,68.678,64.457,7.318835512,6.863511833,7.777853741,5.09136442,3.975357679,5.712372783,1957.046464,12825.82176,21120.91358,1.006,0.193472275,Low
EST,Estonia,2022,0.899,79.155,1.326062,0.907665242,0.888320068,82.987,74.983,15.94297981,16.80971909,15.13871002,13.54843044,13.78102016,13.2729702,37151.63384,31199.43533,43736.51894,1.022,7.842170661,Very High
SWZ,Eswatini (Kingdom of),2022,0.61,56.36,1.2016705,0.606335376,0.614108904,60.599,52.647,14.92692756,14.39192655,15.45966716,5.73,5.81,5.65,8391.855111,6958.217818,9847.944426,0.987,0.948945332,Medium
ETH,Ethiopia,2022,0.492,65.645,123.3799245,0.472012672,0.512007837,68.903,62.613,9.938743514,10.23005914,9.755085884,2.390854081,1.671867083,3.197108271,2368.758391,1762.089313,2969.746197,0.922,0.157292351,Low
ZZG.ECA,Europe and Central Asia,2022,0.802,73.56457485,247.791584,0.78508398,0.815007084,77.02172376,70.18280354,15.50542354,15.5285273,15.48482443,10.60917907,10.39069397,10.84875898,19762.98177,13572.96853,26631.48742,0.963,5.308463125,Very High
FJI,Fiji,2022,0.729,68.312,0.929766,0.700314627,0.744878562,70.239,66.465,13.84869,14.3983,13.34579,10.37096977,10.43344021,10.30622005,11233.65882,6282.37104,16158.24317,0.94,1.174224808,High
FIN,Finland,2022,0.942,82.351,5.5407455,0.936606231,0.946922104,84.886,79.792,19.22859001,20.25945091,18.25875092,12.92915501,13.11326253,12.73550842,49522.09853,42302.02889,56913.94186,0.989,6.854598056,Very High
FRA,France,2022,0.91,83.229,64.626628,0.903026661,0.915940604,85.967,80.356,15.98756027,16.40241051,15.58458042,11.68859246,11.53085299,11.86492408,47378.74304,38135.29845,57262.85695,0.986,4.753896411,Very High
GAB,Gabon,2022,0.693,65.694,2.3889925,0.682986627,0.695840439,68.359,63.361,12.43426472,12.5830284,12.28550104,9.55,10.42,8.7,11194.21884,7295.504913,14958.16542,0.982,2.51172593,Medium
GMB,Gambia,2022,0.495,62.906,2.705992,0.480911138,0.511417074,64.344,61.481,8.977899686,9.860675743,8.135247991,4.512420177,3.672250032,5.590479851,2089.626826,1792.142484,2390.054779,0.94,0.2867667,Low
GEO,Georgia,2022,0.814,71.587,3.7443855,0.814951713,0.811037536,76.461,66.76,16.72682953,17.00892067,16.46575928,12.70217037,12.7620697,12.6304903,15952.02452,12236.81376,20140.8918,1.005,2.942032688,Very High
DEU,Germany,2022,0.95,80.989,83.369843,0.931832488,0.964414308,83.487,78.512,17.34334946,17.36997986,17.31982994,14.25594044,13.99030018,14.53505039,55340.19722,41022.15306,70040.15019,0.966,8.138240833,Very High
GHA,Ghana,2022,0.602,63.945,33.4758705,0.582637204,0.624513381,66.13,61.805,11.58627987,11.4822998,11.68865013,6.432318439,5.553439108,7.614237597,5380.271535,4793.640168,5969.912165,0.933,0.638570347,Medium
GRC,Greece,2022,0.893,80.614,10.384971,0.878485673,0.906792282,83.317,78.022,20.02638054,20.19031906,19.89185905,11.40853024,11.09685993,11.74693966,31381.667,24820.92808,38226.62689,0.969,5.510223913,Very High
GRD,Grenada,2022,0.793,75.335,0.1254375,0.781133019,0.800655201,78.298,72.588,16.58226156,17.12523042,16.06465362,9.85796464,9.79266232,9.92326696,13593.24958,9774.724657,17411.50054,0.976,2.647058824,High
GTM,Guatemala,2022,0.629,68.674,17.843908,0.604452189,0.649278859,71.754,65.697,10.76720388,10.64086602,10.89184573,5.668648013,5.204884199,6.253097976,8996.415822,6114.072504,11938.19197,0.931,1.117824857,Medium
GIN,Guinea,2022,0.471,58.985,13.8593405,0.421592477,0.515327208,60.238,57.643,10.20014763,9.130434204,11.23679054,2.35910296,1.402865117,3.446465852,2404.165832,1719.196362,3104.255804,0.818,0.359690645,Low
GNB,Guinea-Bissau,2022,0.483,59.861,2.1055655,0.450957711,0.523302804,61.929,57.671,10.5316806,10.38217728,11.59337933,3.673035,2.470246,5.062823,1879.853611,1487.419019,2282.042082,0.862,0.155794986,Low
GUY,Guyana,2022,0.742,65.989,0.8087255,0.737710942,0.743418187,69.399,62.778,13.02205765,13.32177301,12.73665117,8.627408726,8.703121311,8.529075547,35782.90961,26504.52076,45454.04286,0.992,4.429587592,High
HTI,Haiti,2022,0.552,63.728,11.5849955,0.530890335,0.571422628,66.695,60.892,11.13756869,11.08701137,11.188126,5.609468426,5.093575575,6.281492463,2801.712516,2110.190095,3506.197932,0.929,0.211870311,Medium
ZZB.HHD,High human development,2022,0.764,75.20367977,2890.910223,0.747356518,0.777042686,77.98377866,72.54429276,14.49302071,14.84762593,14.16626141,8.639074691,8.327576665,8.959978102,15483.82237,10904.04153,20011.16292,0.962,5.528362267,High
HND,Honduras,2022,0.624,70.728,10.4328595,0.615904261,0.632366731,73.157,68.461,9.961707633,10.32103672,9.593739133,7.296200514,6.867461256,7.756288523,5271.604988,4694.873933,5837.184487,0.974,1.054158038,Medium
HKG,"Hong Kong, China (SAR)",2022,0.956,84.315,7.488865,0.942671483,0.96951481,86.893,81.754,17.8495903,17.87204933,17.84137917,12.34776974,11.99598026,12.78872013,62485.50516,51562.96012,75269.83474,0.972,4.373241562,Very High
HUN,Hungary,2022,0.851,74.958,9.9673075,0.845642227,0.854651999,78.309,71.552,15.07330036,15.42617989,14.73847008,12.24958992,12.09698963,12.42362022,34195.54059,27202.66704,41767.98773,0.989,5.001541744,Very High
ISL,Iceland,2022,0.959,82.815,0.3728985,0.945677273,0.969440078,84.288,81.382,19.10672951,20.50425911,17.83465958,13.76716995,13.86952972,13.67177963,54688.37921,45506.33897,63420.31049,0.975,9.478175166,Very High
IND,India,2022,0.644,67.744,1417.173173,0.582116956,0.683509529,69.384,66.257,12.58370972,12.60725021,12.56225967,6.570700169,5.529439926,7.625889778,6950.526798,2957.853786,10696.44788,0.852,1.899893859,Medium
IDN,Indonesia,2022,0.713,68.25,275.501339,0.68784301,0.731616717,70.437,66.181,13.97573724,14.07574064,13.88177094,8.556509972,8.206930161,8.912110329,12045.56544,8111.198281,15925.89053,0.94,2.249929938,High
IRN,Iran (Islamic Republic of),2022,0.78,74.556,88.55057,0.709665743,0.806166235,77.453,71.93,14.11717033,14.16625023,14.06774998,10.74618321,10.74479281,10.75073807,14770.32307,4139.827814,25191.93545,0.88,7.825883093,High
IRQ,Iraq,2022,0.673,71.336,44.4961215,0.568529848,0.723617504,73.362,69.162,12.22275571,11.6435291,12.7723928,6.811878947,5.648159084,7.995557168,9091.865377,2086.880407,16070.25809,0.786,3.872579593,Medium
IRL,Ireland,2022,0.95,82.716,5.0231085,0.94283834,0.951391575,84.412,81.017,19.12610054,19.47579956,18.77157974,11.6569568,11.86322577,11.43763109,87467.51391,66876.42142,108423.6108,0.991,7.529751173,Very High
ISR,Israel,2022,0.915,82.601,9.038309,0.909960997,0.917964595,84.508,80.625,15.02984047,15.58275986,14.49588013,13.44279092,13.49055743,13.39140912,43588.25725,37414.65081,49792.14767,0.991,6.162801842,Very High
ITA,Italy,2022,0.906,84.057,59.037474,0.889609164,0.918484781,86.0,81.974,16.65806007,17.14426994,16.2088604,10.7401104,10.60560989,10.8870697,44284.15735,31412.84197,57808.10521,0.969,5.692573044,Very High
JAM,Jamaica,2022,0.706,70.629,2.827377,0.709739831,0.698557952,72.737,68.532,12.45977059,13.58827636,11.37668741,9.248188719,9.859584688,8.602610175,9694.522766,7647.112734,11774.95699,1.016,2.337027155,High
JPN,Japan,2022,0.92,84.82,123.951692,0.903613096,0.933381383,87.832,81.782,15.45631981,15.42416954,15.48670959,12.66923046,12.3520298,13.01966953,43643.86417,33478.22333,54395.40942,0.968,8.523454263,Very High
JOR,Jordan,2022,0.736,74.215,11.2858685,0.661558113,0.766688653,76.675,72.12,12.62659427,12.88729797,12.37726514,10.44668007,10.07157993,10.8373003,9294.801499,2752.787924,15380.3539,0.863,2.033264689,High
KAZ,Kazakhstan,2022,0.802,69.489,19.397998,0.799245143,0.801206388,72.995,65.776,14.81626987,15.02602959,14.61163998,12.43337895,12.45658094,12.40757382,22586.79889,18595.14333,26889.65873,0.998,13.2911398,Very High
KEN,Kenya,2022,0.601,62.055,54.027487,0.584533654,0.616722811,64.686,59.579,11.38448201,11.3814695,11.39047431,7.686359882,7.109600067,8.342940331,4807.716317,3976.574003,5653.521006,0.948,0.461419049,Medium
KIR,Kiribati,2022,0.628,67.661,0.1312315,0.555173243,0.653814373,69.386,65.731,11.80302,12.42732,11.25373,9.128581569,9.292067793,8.965095345,3440.416745,1099.924275,5903.401423,0.849,0.534002204,Medium
PRK,Korea (Democratic People's Rep. of),2022,0.731,73.578,26.0694165,0.672147234,0.766009458,76.146,70.973,12.95363998,12.16187,13.69042015,9.27328968,8.084269524,10.53159046,12641.31667,5413.859264,19809.55779,0.877,1.976608651,High
KOR,Korea (Republic of),2022,0.929,84.024,51.8158095,0.900442755,0.949875454,87.101,80.695,16.50964928,16.13555908,16.84387016,12.61409234,11.97633078,13.25834512,46026.4542,31062.94566,61036.76288,0.948,11.88642384,Very High
KWT,Kuwait,2022,0.847,80.264,4.268873,0.847552134,0.835979298,82.752,78.878,15.6911416,17.84918291,13.82607425,7.441742908,8.272894602,7.039573868,56729.18152,28017.72588,75231.9156,1.014,24.30127757,Very High
KGZ,Kyrgyzstan,2022,0.701,70.484,6.630623,0.689893361,0.707296353,74.929,66.218,12.99493027,13.15699005,12.83446026,11.96131992,11.88298442,12.04857289,4781.692046,3442.104307,6170.485612,0.975,1.445185572,High
LAO,Lao People's Democratic Republic,2022,0.62,68.999,7.529475,0.593276278,0.64528511,71.164,66.94,10.18749046,10.00139046,10.36781025,5.94697053,4.995009421,6.917600722,7744.837346,6379.81054,9088.32332,0.919,3.147046548,Medium
ZZH.LAC,Latin America and the Caribbean,2022,0.763,73.71508542,655.268078,0.758013976,0.765042416,76.88650989,70.61792361,14.7838412,15.34123318,14.2179872,8.967833002,9.00199674,8.928381799,15109.40615,11502.91753,18822.66105,0.991,2.629328545,High
LVA,Latvia,2022,0.879,75.927,1.850651,0.88656922,0.867729074,80.088,71.49,16.55606079,17.2518692,15.8921299,13.33330305,13.64862723,12.97307424,32082.98104,26344.50355,38715.98288,1.022,3.863827625,Very High
LBN,Lebanon,2022,0.723,74.416,5.4897395,0.689545665,0.743431443,76.597,72.237,12.05109224,12.79566002,11.29957437,8.602969077,8.047852662,9.158085491,12313.42257,6545.545361,18438.82237,0.928,4.19696919,High
LSO,Lesotho,2022,0.521,53.036,2.3058255,0.519217112,0.519562728,55.923,50.319,11.07051125,11.38711406,10.75514209,7.545058784,8.189024107,6.809400799,2708.731464,2128.814223,3304.367697,0.999,1.087245239,Low
LBR,Liberia,2022,0.487,61.1,5.302681,0.450796583,0.524471625,62.392,59.796,10.46585369,10.14880276,10.81455135,5.318104412,3.62626494,7.249448013,1330.419917,1162.707312,1499.483837,0.86,0.166607104,Low
LBY,Libya,2022,0.746,72.151,6.812341,0.738708929,0.747568012,74.759,69.736,13.977117,14.80444533,13.472613,7.77860643,8.435953453,7.18500215,19751.56758,12072.92702,27248.02915,0.988,9.491235476,High
LIE,Liechtenstein,2022,0.942,84.656,0.039327,0.924162866,0.97429544,86.129,83.019,15.46640015,14.51823997,16.43499947,12.351169,12.09086443,14.0497124,146673.2415,114828.8343,179045.0686,0.949,3.736776044,Very High
LTU,Lithuania,2022,0.879,74.293,2.750055,0.89090865,0.866628773,79.13,69.492,16.39982986,17.05356026,15.7968998,13.49810028,13.58351994,13.39519978,38131.23588,33011.65837,43911.68251,1.028,4.962838906,Very High
ZZD.LHD,Low human development,2022,0.517,61.6473648,1208.999528,0.478129736,0.550552029,63.71377185,59.68194968,9.252116393,8.906072044,9.631500147,4.665130408,3.872106413,5.495207549,3185.925418,2072.734184,4368.30271,0.868,0.444929203,Low
LUX,Luxembourg,2022,0.927,82.591,0.647599,0.920482138,0.927310681,84.77,80.445,14.19705009,14.31556988,14.08835983,12.9600811,12.93417865,12.96266954,78554.2364,66697.04897,90255.76002,0.993,13.18539513,Very High
MDG,Madagascar,2022,0.487,65.23,29.611714,0.472722095,0.499980323,67.617,62.97,9.213435879,9.330857735,9.0995213,4.592520237,4.292349815,4.935460091,1463.547925,1223.858425,1702.256419,0.945,0.147556758,Low
MWI,Malawi,2022,0.508,62.898,20.4053165,0.488791013,0.527854022,66.326,59.58,11.50487088,11.5095995,11.4867303,5.243740082,4.292150021,6.395669937,1432.472806,1191.301915,1687.144463,0.926,0.104496076,Low
MYS,Malaysia,2022,0.807,76.26,33.9382215,0.79442232,0.816079158,78.799,73.955,12.93247032,13.39496994,12.49645996,10.74828052,10.6902567,10.80320965,27295.41224,19262.03981,34983.46792,0.973,8.305928592,Very High
MDV,Maldives,2022,0.762,80.839,0.523787,0.748232807,0.767000753,81.844,80.065,12.17795095,13.33348102,11.23151446,7.762392544,7.869674371,7.655778428,18846.79219,12160.7956,23783.29128,0.976,3.299409156,High
MLI,Mali,2022,0.41,59.417,22.5935905,0.368306614,0.444000261,60.832,58.068,7.037249603,6.4333433,7.500483095,1.626710057,1.135959983,2.161859989,2043.672433,1332.552257,2741.074418,0.83,0.316284199,Low
MLT,Malta,2022,0.915,83.704,0.533286,0.903457283,0.922135095,85.703,81.644,15.86133957,16.6119709,15.20273018,12.21026039,12.00041962,12.40596962,44464.03057,33971.44852,54099.17102,0.98,3.050225155,Very High
MHL,Marshall Islands,2022,0.731,65.146,0.041569,0.707670091,0.74847358,67.092,63.546,16.38606071,17.01634026,15.80325031,12.81836718,12.74359657,12.89313779,6855.234566,4517.831534,9096.156737,0.945,3.63686088,High
MRT,Mauritania,2022,0.54,64.691,4.736139,0.502660511,0.574914848,66.447,62.965,8.051850319,8.160340309,7.957449913,4.754063344,4.11278431,5.779904924,5343.564069,3052.60059,7726.989095,0.874,0.965357551,Low
MUS,Mauritius,2022,0.796,73.975,1.299469,0.783594284,0.802880193,77.128,70.963,14.61009979,15.18282986,14.05863953,9.992049863,9.864661688,10.05361404,23251.62071,15593.82944,31124.12841,0.976,3.149474754,High
ZZC.MHD,Medium human development,2022,0.64,67.95257009,2169.348015,0.587354107,0.675311783,69.92210812,66.12952454,12.31547579,12.31428992,12.30552155,6.678403158,5.760893371,7.641517133,6444.262021,3126.605714,9637.698246,0.87,1.590683708,Medium
MEX,Mexico,2022,0.781,74.832,127.5041255,0.769920342,0.786801205,78.161,71.547,14.50529957,14.95950031,14.05300045,9.221050262,9.096670151,9.358039856,19138.00726,13547.80665,25008.11956,0.979,3.699878374,High
FSM,Micronesia (Federated States of),2022,0.634,70.925,0.114164,0.614999084,0.647233381,74.823,67.325,12.615048,12.74115867,12.48893733,7.33252398,6.8911421,7.7825449,3709.154916,2651.536437,4755.53135,0.95,1.351795706,Medium
MDA,Moldova (Republic of),2022,0.763,68.621,3.272996,0.776246379,0.751398863,73.32,64.217,14.90598011,15.38689041,14.44299984,11.8338152,11.87922207,11.78249767,12963.61829,12271.91157,13724.75298,1.033,1.828185213,High
MCO,Monaco,2022,0.579,86.895,0.036469,0.552530027,0.560205246,88.881,85.055,18.6915194,19.38840748,18.05397828,8.489093305,8.14626509,8.789596846,4551.658099,3012.627522,4277.23182,0.986,4.529911406,Medium
MNG,Mongolia,2022,0.741,72.667,3.398366,0.751138056,0.727754095,77.375,68.079,14.51719515,15.2856874,13.77597532,9.423700333,9.949589729,8.847709656,10350.86141,8099.013995,12639.57587,1.032,11.42747646,High
MNE,Montenegro,2022,0.844,76.845,0.6270825,0.833396974,0.852441413,80.262,73.48,15.08475971,15.55858994,14.63002968,12.61621288,12.0696905,13.19888451,22513.26314,17543.32196,27749.88278,0.978,3.67088789,Very High
MAR,Morocco,2022,0.698,74.973,37.4579705,0.62769515,0.73722659,77.177,72.896,14.59442043,14.49855042,14.68883991,6.05,5.14,6.98,7954.522461,2967.813616,12875.95846,0.851,1.959225801,Medium
MOZ,Mozambique,2022,0.461,59.625,32.9695185,0.443026083,0.477108277,62.688,56.529,10.72532345,10.32496843,11.12771273,3.860090017,3.228760004,4.394440174,1219.241361,1059.588454,1384.984659,0.929,0.22416011,Low
MMR,Myanmar,2022,0.608,67.256,54.179306,0.582895575,0.619449409,70.478,64.18,12.06090998,12.32135567,11.33528763,6.518157697,6.195670039,6.924247023,4037.705141,2545.032167,5544.449482,0.941,0.66209607,Medium
NAM,Namibia,2022,0.61,58.059,2.5670125,0.61186765,0.608128294,61.704,54.592,11.75997928,11.74091522,11.76220292,7.243458294,7.515436441,6.957704422,9200.026599,7827.178397,10672.50566,1.006,1.475168873,Medium
NRU,Nauru,2022,0.696,64.014,0.012668,0.708418745,0.683031041,67.841,60.52,12.56089218,14.37941093,11.04382186,9.247975,9.327438733,9.168511267,14938.55659,11557.62601,18213.35695,1.037,4.278315083,Medium
NPL,Nepal,2022,0.601,70.484,30.54758,0.56228259,0.635119215,72.364,68.608,12.64451981,12.82380009,12.46627045,4.485598758,3.424288376,5.71329857,4025.554685,2608.972525,5563.52862,0.885,0.520339794,Medium
NLD,Netherlands,2022,0.946,82.451,17.564014,0.925345508,0.964330297,83.904,80.944,18.58348083,18.94418907,18.23270988,12.58162975,12.3527298,12.81820965,57278.31015,44138.75911,70575.20185,0.96,7.99391099,Very High
NZL,New Zealand,2022,0.939,83.006,5.1852885,0.923885929,0.952721713,84.726,81.251,19.68234062,20.16286087,19.19734955,12.94468975,12.93587971,12.95394039,43665.49848,34940.48724,52542.06324,0.97,6.690024635,Very High
NIC,Nicaragua,2022,0.669,74.615,6.948392,0.647449551,0.6821586,77.556,71.613,12.58347787,12.26851409,12.83280479,7.26,7.54,6.95,5426.50618,3596.019567,7310.893926,0.949,0.78595264,Medium
NER,Niger,2022,0.394,62.08,26.2079765,0.353647715,0.428138733,63.401,60.816,7.186131428,6.492571987,7.857345925,1.341352433,0.965615989,1.772790407,1283.309235,892.9687724,1662.527106,0.826,0.120343462,Low
NGA,Nigeria,2022,0.548,53.633,218.5412115,0.514786405,0.580873335,53.968,53.295,10.51407,10.2043,10.83738,7.585969925,6.556469917,8.700360298,4754.836408,4110.221793,5385.706047,0.886,0.614401064,Low
MKD,North Macedonia,2022,0.765,73.888,2.0935985,0.74369174,0.783022218,76.16,71.733,13.00483036,13.4289999,12.60997009,10.22815037,9.653639793,10.8074398,16395.75173,11525.75224,21296.31224,0.95,3.65558424,High
NOR,Norway,2022,0.966,83.393,5.434319,0.957147512,0.970415403,85.055,81.718,18.63846016,19.5213604,17.80384064,13.06234279,13.21011267,12.91269245,69189.76165,61067.47743,77164.33022,0.986,7.573540802,Very High
OMN,Oman,2022,0.819,73.935,4.576298,0.780083394,0.832785671,76.046,72.356,12.96403027,13.46502972,12.58940983,11.89274979,12.27042007,11.69499016,32967.43827,13055.18531,45769.09652,0.937,15.67723806,Very High
PAK,Pakistan,2022,0.54,66.431,235.8248625,0.479544875,0.574877828,68.918,64.134,7.89510849,7.336258257,8.426956754,4.422319019,3.928515917,4.793410015,5374.270423,2120.097428,8571.08282,0.834,0.965638962,Low
PLW,Palau,2022,0.797,65.362,0.0180545,0.802126774,0.796834796,69.314,62.2,17.21987569,18.34244991,16.88344295,13.04790021,13.34296124,12.75283918,19343.81199,15158.95089,23217.78239,1.007,12.30304039,High
PSE,"Palestine, State of",2022,0.716,73.444,5.250072,0.648750215,0.73707141,75.948,71.024,13.15474033,13.95713997,12.35840988,9.938480377,9.916460037,9.960129738,6936.258684,2133.98822,11758.99805,0.88,0.667726135,High
PAN,Panama,2022,0.82,76.826,4.4085805,0.826278511,0.812639239,80.091,73.726,13.21381473,13.86388663,12.58595392,10.68696295,10.94374988,10.40059663,32029.36025,27610.88808,36447.35037,1.017,2.690641599,Very High
PNG,Papua New Guinea,2022,0.568,65.958,10.1426185,0.54619893,0.589011335,69.172,63.378,11.12736798,10.52003111,11.70354792,4.933631146,4.215786493,5.658960236,3710.326885,3218.98017,4171.434912,0.927,0.798668307,Medium
PRY,Paraguay,2022,0.731,70.475,6.780744,0.727869625,0.732240438,73.571,67.645,13.91056957,14.58406313,13.27027902,8.861840248,8.856229782,8.867710114,13161.07522,10348.65536,15954.05195,0.994,1.381977592,High
PER,Peru,2022,0.762,73.385,34.0495885,0.742111156,0.779496671,75.495,71.332,14.80487907,14.88586691,14.72138383,10.01696229,9.449307529,10.59717016,11916.35952,9515.281407,14365.2136,0.952,1.674913573,High
PHL,Philippines,2022,0.71,72.187,115.559009,0.694156215,0.718281318,74.174,70.218,12.78335953,13.21805954,12.37481022,8.971409559,9.24822052,8.691971992,9058.840558,6178.765308,11850.59109,0.966,1.253546618,High
POL,Poland,2022,0.881,76.996,39.8571455,0.884045116,0.875937118,80.796,73.233,15.93451977,16.7074604,15.1922102,13.1647501,13.34002972,12.96819973,35150.9519,27366.28107,43446.29766,1.009,8.642569909,Very High
PRT,Portugal,2022,0.874,82.24,10.270865,0.872538804,0.874035328,84.93,79.308,16.82140923,17.07019997,16.57933044,9.575940132,9.607560158,9.538669586,35314.99828,31845.37525,39198.81947,0.998,3.881234231,Very High
QAT,Qatar,2022,0.875,81.559,2.695122,0.892561376,0.869100423,83.101,80.626,13.26426983,15.28956032,12.64908981,10.1317219,11.79638314,9.737610384,95944.37754,47963.67663,114134.8423,1.027,39.88427351,Very High
ROU,Romania,2022,0.827,74.117,19.6592665,0.817798791,0.833503726,77.619,70.724,14.50753021,15.04965019,13.99917984,11.36019615,11.09125994,11.65099415,31641.38368,22594.6875,41297.21764,0.981,3.993603248,Very High
RUS,Russian Federation,2022,0.821,70.116,144.713314,0.829113224,0.811700148,75.702,64.689,15.66174936,15.84734259,15.48440459,12.41152954,12.48219967,12.32425976,26991.84961,21781.1736,33000.80885,1.021,11.79848928,Very High
RWA,Rwanda,2022,0.548,67.129,13.7766975,0.523555778,0.568669607,69.244,64.813,11.38352013,11.49433041,11.28065968,4.878310204,4.522069931,5.351920128,2316.809277,1662.218331,3000.009352,0.921,0.115399861,Low
KNA,Saint Kitts and Nevis,2022,0.838,72.027,0.0476575,0.650752796,0.672694371,75.666,68.682,18.40703011,19.72978973,17.04659081,10.8494008,11.1219032,10.5768984,28441.68074,6608.130781,13824.47536,0.967,4.672520271,Very High
LCA,Saint Lucia,2022,0.725,71.294,0.1798575,0.728905001,0.719471901,74.887,68.005,12.71032047,13.39239979,12.05115986,8.576973425,8.837794323,8.326679395,14778.3463,11815.12887,17806.87554,1.013,2.594252189,High
VCT,Saint Vincent and the Grenadines,2022,0.772,68.972,0.1039475,0.623330444,0.664542034,71.731,66.693,16.2530213,16.42287899,16.09251246,10.99625387,11.03757668,10.98694817,14049.14799,2067.959672,4945.270332,0.938,2.267377219,High
WSM,Samoa,2022,0.702,72.598,0.222382,0.686605036,0.709133201,75.333,70.146,12.4364,12.98814,11.93062,11.36735585,11.76791141,10.95704259,4970.232074,3314.285804,6562.379682,0.968,1.153480463,High
SMR,San Marino,2022,0.867,83.433,0.0336605,0.852912779,0.883209541,84.733,82.036,12.40295982,11.98106003,12.88761044,10.52074301,10.6984396,10.51924979,57686.54334,50410.10236,65363.01089,0.966,0.395801999,Very High
STP,Sao Tome and Principe,2022,0.613,68.794,0.2273795,0.579418428,0.747957045,71.938,66.054,12.6637182,12.93469946,12.4790407,5.915788918,5.273353992,6.690563659,4054.106945,7940.265663,70911.05993,0.775,0.653094703,Medium
SAU,Saudi Arabia,2022,0.875,77.905,36.40882,0.832017761,0.896577417,79.525,76.666,15.17204484,15.52692067,14.817169,11.31052971,10.73622036,11.67045021,50620.43706,24647.00035,69723.10773,0.928,17.56422655,Very High
SEN,Senegal,2022,0.517,67.913,17.316449,0.495771393,0.5361777,70.2,65.473,9.144550323,9.885959625,8.420060158,2.88736686,2.344075379,3.749680778,3463.806076,2256.290564,4711.642134,0.925,0.683799933,Low
SRB,Serbia,2022,0.805,74.137,7.2213655,0.799076289,0.810054566,76.975,71.276,14.50444031,15.19604015,13.84924984,11.5047611,11.18731102,11.85118344,19494.00891,15909.29829,23388.21081,0.986,6.017170065,Very High
SYC,Seychelles,2022,0.802,71.738,0.1071185,0.828841854,0.778751744,76.042,68.237,13.89179039,15.44649982,12.60849953,11.19995,12.03576,10.36414,28385.74806,24755.95126,31650.50554,1.064,6.223478694,Very High
SLE,Sierra Leone,2022,0.458,60.411,8.605718,0.432336767,0.488413833,61.693,59.115,9.016348244,9.446272874,8.966736887,3.519426358,2.426674879,4.805853409,1612.666542,1325.681618,1898.409207,0.885,0.131795192,Low
SGP,Singapore,2022,0.949,84.133,5.9756885,0.945324824,0.95407755,86.295,81.981,16.90273094,17.03401947,16.81064034,11.92488003,11.62705994,12.2547102,88761.14559,76610.8678,99844.2365,0.991,9.397481258,Very High
SVK,Slovakia,2022,0.855,75.33,5.643453,0.855647033,0.853861092,78.813,71.929,14.72154999,15.27138042,14.19748974,13.00719575,12.98776118,13.02834917,32171.24606,26633.64435,37966.64017,1.002,6.455440557,Very High
SVN,Slovenia,2022,0.926,82.133,2.119844,0.923820774,0.924914759,84.616,79.626,17.40657997,18.34461021,16.58584023,12.88015724,12.93550703,12.82303929,41586.89849,35263.69953,47842.54054,0.999,6.16209228,Very High
SLB,Solomon Islands,2022,0.562,70.742,0.7242725,0.554388815,0.57817317,72.358,69.294,10.30071445,11.0673969,9.664592558,5.8796802,5.509549573,6.84283385,2273.311097,1997.656674,2537.394949,0.959,0.426699969,Medium
SOM,Somalia,2022,0.38,56.107,17.597511,0.327082937,0.425210819,58.233,54.072,7.647232333,7.5813078,8.34582125,1.900300026,0.885770023,2.914999962,1072.201461,578.2964179,1563.454431,0.769,0.038125863,Low
ZAF,South Africa,2022,0.717,61.48,59.8938855,0.710137452,0.720676609,64.181,58.597,14.26364994,14.84506989,13.69876003,11.60696983,11.4988699,11.72364044,13185.56419,10423.35232,16095.30677,0.985,7.166394002,High
ZZI.SA,South Asia,2022,0.641,68.44154341,2007.549714,0.580274395,0.678378449,70.38433943,66.66829443,11.87464212,11.7738884,11.96732735,6.629606612,5.739562614,7.530264763,6971.625949,2958.327086,10808.31513,0.855,1.875160671,Medium
SSD,South Sudan,2022,0.381,55.567,10.9131635,0.735891983,0.777736266,57.047,54.036,5.634770141,4.510310007,6.738390029,5.726140022,4.762169838,6.189479828,690.6607575,15457.00731,39587.38815,0.946,0.171581069,Low
ESP,Spain,2022,0.911,83.912,47.5586295,0.901995576,0.913042885,86.549,81.2,17.80905914,18.43926048,17.20244026,10.60540009,10.52787018,10.68844986,40043.33773,32834.64684,47542.89462,0.988,4.849112709,Very High
LKA,Sri Lanka,2022,0.78,76.61,21.832143,0.750765016,0.792700012,80.23,72.851,13.64182201,14.11550272,13.18408462,11.24960995,11.12806034,11.38661957,11899.49847,6241.114077,17989.8154,0.947,0.924001861,High
ZZJ.SSA,Sub-Saharan Africa,2022,0.549,60.63969999,1146.742474,0.525080667,0.573585129,62.6219532,58.70798644,10.31800779,10.1661443,10.51037631,5.975956597,5.190163834,6.874385639,3666.202926,3024.774319,4388.270245,0.915,0.7202711,Low
SDN,Sudan,2022,0.516,65.578,46.874204,0.472282386,0.543959635,68.184,63.048,8.501687381,8.280140314,8.723298593,3.87,3.5,4.23,3514.765869,1750.002217,5282.106061,0.868,0.485910197,Low
SUR,Suriname,2022,0.69,70.289,0.6180405,0.68338723,0.692380914,73.577,67.189,10.95909977,11.33802032,10.58965015,8.388631804,8.558285912,8.20187956,12309.99659,8820.008976,15831.64226,0.987,6.007651084,Medium
SWE,Sweden,2022,0.952,83.505,10.549347,0.940947399,0.957393264,85.092,81.902,19.03676987,20.65983009,17.5142498,12.67372015,12.84683271,12.49767169,56995.84796,47827.87972,66019.1684,0.983,3.680562051,Very High
CHE,Switzerland,2022,0.967,84.255,8.740472,0.949369073,0.977382747,85.932,82.484,16.5837307,16.67786026,16.49819946,13.90406622,13.5494734,14.2685357,69432.78669,56927.80503,82109.4843,0.971,4.117550141,Very High
SYR,Syrian Arab Republic,2022,0.557,72.3,22.1252485,0.480880713,0.597196215,76.117,68.671,7.418754527,7.170177367,7.667331688,5.736797587,5.417379107,6.664290294,3594.10679,1048.66503,6132.19446,0.805,1.276342693,Medium
TJK,Tajikistan,2022,0.679,71.288,9.952787,0.646830216,0.704031627,73.518,69.189,10.86102637,10.43384543,11.27416828,11.28955089,10.89829118,11.64002201,4807.213923,3294.847257,6300.051626,0.919,1.02362405,Medium
TZA,Tanzania (United Republic of),2022,0.532,66.782,65.497748,0.516106183,0.548772873,68.93,64.72,8.585740089,8.723759651,8.450329781,5.639967963,5.104927611,6.280633125,2578.156006,2194.923507,2970.337277,0.94,0.24245485,Low
THA,Thailand,2022,0.803,79.68,71.6970295,0.807009612,0.798492422,83.929,75.473,15.58131027,15.88201046,15.29454041,8.834560711,8.724169622,8.952895873,16886.51113,15289.05253,18579.65531,1.011,3.732051446,Very High
TLS,Timor-Leste,2022,0.566,69.056,1.341296,0.534121006,0.590660294,70.815,67.435,13.24177562,13.4255446,13.07257379,6.020059751,5.50932282,6.620224056,1629.160441,1145.36569,2094.126343,0.904,0.502444468,Medium
TGO,Togo,2022,0.547,61.588,8.8486985,0.505056237,0.595597935,62.227,60.946,12.96236085,12.54580104,14.30199431,5.590314011,4.189005873,7.173578732,2214.233649,1743.967858,2679.451158,0.848,0.295656513,Low
TON,Tonga,2022,0.739,71.27,0.1068575,0.736014254,0.738976359,74.123,68.581,16.28749084,17.36092949,15.22014999,10.88028609,10.95345124,10.79560787,6360.178905,5050.794003,7698.341634,0.996,1.803201373,High
TTO,Trinidad and Tobago,2022,0.814,74.708,1.5310445,0.808990149,0.81528778,78.153,71.307,14.1010764,14.4262109,13.75127715,11.73800258,11.8669197,11.61312459,22473.03876,17088.10549,28006.77469,0.992,23.28987463,Very High
TUN,Tunisia,2022,0.732,74.263,12.356117,0.697668769,0.751413753,77.408,71.367,14.61953746,15.51537756,13.75383953,7.953393173,7.277901917,8.691025971,10296.6496,5198.379008,15528.15685,0.928,2.874056528,High
TKM,Turkmenistan,2022,0.744,69.41,6.4307705,0.640697757,0.663233742,72.916,65.916,13.24057961,13.24944973,13.23244953,11.14299353,10.83326343,11.47497743,12859.87406,3274.819941,7443.21529,0.966,11.03383789,High
TUV,Tuvalu,2022,0.653,64.854,0.0113115,0.643276599,0.659490041,69.391,61.136,12.10158014,12.42263985,11.83052015,10.64458626,10.46696417,10.81373917,4754.453732,3378.31189,6062.607191,0.975,1.023741521,Medium
TUR,Türkiye,2022,0.855,78.475,85.341241,0.824979289,0.876372827,81.495,75.38,19.68494987,19.56439018,19.80443954,8.811284129,8.07304427,9.565563719,32833.53512,20537.51796,45076.75429,0.941,5.340025274,Very High
UGA,Uganda,2022,0.55,63.638,47.249585,0.521807851,0.580322356,65.703,61.486,11.49553237,11.14553059,11.89354635,6.235476362,5.15520031,7.698595172,2240.585404,1890.385283,2597.473697,0.899,0.132002209,Medium
UKR,Ukraine,2022,0.734,68.564,39.701739,0.741323069,0.726191704,73.904,63.525,13.32800961,13.54051018,13.12753963,11.12330123,11.43926415,10.72435068,11416.2168,9024.546023,14232.99303,1.021,4.827623136,High
ARE,United Arab Emirates,2022,0.937,79.196,9.4411285,0.922939594,0.936027371,81.412,77.72,17.20813942,19.75328064,16.37989998,12.77375031,12.58837032,12.90589046,74103.71494,51509.56703,84087.84953,0.986,25.33327567,Very High
GBR,United Kingdom,2022,0.94,82.156,67.5089355,0.926495468,0.948877869,83.834,80.439,17.6342907,18.20903969,17.05068016,13.4061203,13.44999981,13.36056995,46623.90269,35910.26203,57590.60505,0.976,5.164383683,Very High
USA,United States,2022,0.927,78.203,338.289857,0.927692516,0.923404861,81.015,75.479,16.41274071,17.26275063,15.58568954,13.57549953,13.65357018,13.49328995,65564.93798,53469.38514,77898.33045,1.005,14.93248748,Very High
URY,Uruguay,2022,0.83,78.0,3.4227935,0.831896781,0.815519884,81.685,74.147,17.35183907,18.79310989,15.94713974,9.058219782,9.333094784,8.746097519,22206.99029,17426.18154,27293.52199,1.02,2.364765079,Very High
UZB,Uzbekistan,2022,0.727,71.674,34.6276525,0.69122666,0.748479369,74.293,69.032,11.99291039,12.0212698,11.96601009,11.91114998,11.74777031,12.07958031,8055.910265,4390.288212,11715.57914,0.924,3.414998582,High
VUT,Vanuatu,2022,0.614,70.492,0.3267405,0.591156966,0.631348601,73.067,68.316,11.81160992,11.88515019,11.7450099,7.183209727,6.59341665,7.503930975,3243.980494,2445.40719,4033.438452,0.936,0.658901976,Medium
VEN,Venezuela (Bolivarian Republic of),2022,0.699,71.105,28.3016955,0.694737413,0.693063804,75.655,66.875,13.50206427,14.26300396,12.38682871,9.628154421,9.786442835,9.469866006,6184.136,4284.554861,8125.532772,1.002,2.539494247,Medium
ZZA.VHHD,Very high human development,2022,0.902,79.30936718,1645.245147,0.894829843,0.906141316,82.28935103,76.41257437,16.62957943,17.13670212,16.14871933,12.25291239,12.16380349,12.34765346,44957.6155,34726.03244,55442.31891,0.988,9.538905083,Very High
VNM,Viet Nam,2022,0.726,74.58,98.186856,0.728526748,0.723329688,79.29,69.927,13.05294705,13.33436295,12.79269728,8.455348794,8.138282269,8.789583701,10813.98273,9614.831954,12042.41379,1.007,3.617121467,High
ZZK.WORLD,World,2022,0.739,72.00406985,7940.608797,0.719487966,0.756394784,74.53230736,69.59936281,12.98976611,13.08221831,12.90784074,8.661597531,8.231362311,9.118253333,17254.43404,12515.5181,22034.76633,0.951,4.497895101,High
YEM,Yemen,2022,0.424,63.72,33.696614,0.219081434,0.480185337,67.222,60.493,7.935313345,6.881697407,8.919806255,2.776825958,1.754562204,3.587975855,1105.763435,149.9716669,2041.915582,0.456,0.351346981,Low
ZMB,Zambia,2022,0.569,61.803,20.017675,0.548135168,0.589347481,64.51,59.058,11.01797045,11.07545672,10.98388292,7.284893177,6.432586008,8.32623795,3157.35862,2530.868643,3800.49076,0.93,0.444879802,Medium
ZWE,Zimbabwe,2022,0.55,59.391,16.320537,0.531924151,0.56831468,62.094,56.428,11.02558696,10.69515879,11.3758358,8.807762621,8.190792855,9.59072389,2078.918063,1761.97986,2433.257978,0.936,0.524974984,Medium
